{"TOTAL": {"REP": 3703488, "DEM": 3641816, "NPA": 1994903, "OTH": 225838, "TOTAL": 9566045, "REPpct": 0.38714933914695154, "DEMpct": 0.3807023696836049, "NPApct": 0.20853999745976523}, "Alachua": {"REP": 38992, "DEM": 65206, "NPA": 23671, "OTH": 2765, "TOTAL": 130634, "REPpct": 0.29848278396129646, "DEMpct": 0.49915029777852626, "NPApct": 0.1812009124730162}, "Baker": {"REP": 6886, "DEM": 4787, "NPA": 966, "OTH": 135, "TOTAL": 12774, "REPpct": 0.5390637231877251, "DEMpct": 0.37474557695318617, "NPApct": 0.07562235791451385}, "Bay": {"REP": 49909, "DEM": 23253, "NPA": 13960, "OTH": 1355, "TOTAL": 88477, "REPpct": 0.5640901025125173, "DEMpct": 0.26281406467217466, "NPApct": 0.15778111825672209}, "Bradford": {"REP": 6051, "DEM": 4757, "NPA": 1213, "OTH": 191, "TOTAL": 12212, "REPpct": 0.4954962332132329, "DEMpct": 0.38953488372093026, "NPApct": 0.09932852931542745}, "Brevard": {"REP": 146104, "DEM": 101163, "NPA": 62188, "OTH": 10867, "TOTAL": 320322, "REPpct": 0.4561160332415507, "DEMpct": 0.3158165845617847, "NPApct": 0.19414214446712996}, "Broward": {"REP": 192912, "DEM": 444368, "NPA": 193029, "OTH": 12382, "TOTAL": 842691, "REPpct": 0.22892376921077834, "DEMpct": 0.5273202158323751, "NPApct": 0.22906261013823573}, "Calhoun": {"REP": 1722, "DEM": 3997, "NPA": 417, "OTH": 37, "TOTAL": 6173, "REPpct": 0.27895674712457474, "DEMpct": 0.6474971650737081, "NPApct": 0.06755224364166532}, "Charlotte": {"REP": 47108, "DEM": 27328, "NPA": 19703, "OTH": 3928, "TOTAL": 98067, "REPpct": 0.48036546442738126, "DEMpct": 0.2786666258782261, "NPApct": 0.2009136610684532}, "Citrus": {"REP": 41055, "DEM": 22672, "NPA": 15254, "OTH": 1869, "TOTAL": 80850, "REPpct": 0.5077922077922078, "DEMpct": 0.28042053184910326, "NPApct": 0.18867037724180583}, "Clay": {"REP": 65123, "DEM": 22032, "NPA": 18053, "OTH": 2511, "TOTAL": 107719, "REPpct": 0.6045637259907722, "DEMpct": 0.2045321623854659, "NPApct": 0.16759346076365358}, "Collier": {"REP": 93110, "DEM": 40920, "NPA": 37070, "OTH": 3123, "TOTAL": 174223, "REPpct": 0.5344300121109153, "DEMpct": 0.23487140044655413, "NPApct": 0.21277328481314178}, "Columbia": {"REP": 13968, "DEM": 10974, "NPA": 3426, "OTH": 649, "TOTAL": 29017, "REPpct": 0.48137298824826824, "DEMpct": 0.3781920942895544, "NPApct": 0.11806871833752627}, "DeSoto": {"REP": 3864, "DEM": 5304, "NPA": 1683, "OTH": 83, "TOTAL": 10934, "REPpct": 0.353393085787452, "DEMpct": 0.4850923724163161, "NPApct": 0.15392354124748492}, "Dixie": {"REP": 3001, "DEM": 3391, "NPA": 714, "OTH": 158, "TOTAL": 7264, "REPpct": 0.41313325991189426, "DEMpct": 0.46682268722466963, "NPApct": 0.09829295154185022}, "Duval": {"REP": 180648, "DEM": 179801, "NPA": 66026, "OTH": 11632, "TOTAL": 438107, "REPpct": 0.4123376252833212, "DEMpct": 0.4104043076234801, "NPApct": 0.1507074755710363}, "Escambia": {"REP": 75823, "DEM": 53174, "NPA": 23395, "OTH": 2531, "TOTAL": 154923, "REPpct": 0.4894237782640408, "DEMpct": 0.34322857161299486, "NPApct": 0.1510105019913118}, "Flagler": {"REP": 25771, "DEM": 18665, "NPA": 12602, "OTH": 1286, "TOTAL": 58324, "REPpct": 0.44185926891159727, "DEMpct": 0.32002263219257937, "NPApct": 0.21606885673136272}, "Franklin": {"REP": 1970, "DEM": 3464, "NPA": 587, "OTH": 88, "TOTAL": 6109, "REPpct": 0.3224750368309052, "DEMpct": 0.5670322475036831, "NPApct": 0.09608773940088394}, "Gadsden": {"REP": 3596, "DEM": 17161, "NPA": 1326, "OTH": 209, "TOTAL": 22292, "REPpct": 0.16131347568634488, "DEMpct": 0.7698277408935941, "NPApct": 0.05948322268078234}, "Gilchrist": {"REP": 4994, "DEM": 2523, "NPA": 795, "OTH": 193, "TOTAL": 8505, "REPpct": 0.5871840094062316, "DEMpct": 0.2966490299823633, "NPApct": 0.09347442680776014}, "Glades": {"REP": 1742, "DEM": 2079, "NPA": 475, "OTH": 101, "TOTAL": 4397, "REPpct": 0.3961792130998408, "DEMpct": 0.4728223788947009, "NPApct": 0.10802820104616784}, "Gulf": {"REP": 3711, "DEM": 2975, "NPA": 563, "OTH": 110, "TOTAL": 7359, "REPpct": 0.5042804728903384, "DEMpct": 0.4042668840875119, "NPApct": 0.07650495991303166}, "Hamilton": {"REP": 1719, "DEM": 3276, "NPA": 420, "OTH": 101, "TOTAL": 5516, "REPpct": 0.31163886874546776, "DEMpct": 0.5939086294416244, "NPApct": 0.07614213197969544}, "Hardee": {"REP": 3792, "DEM": 2952, "NPA": 808, "OTH": 123, "TOTAL": 7675, "REPpct": 0.494071661237785, "DEMpct": 0.38462540716612376, "NPApct": 0.10527687296416938}, "Hendry": {"REP": 4579, "DEM": 5304, "NPA": 1238, "OTH": 154, "TOTAL": 11275, "REPpct": 0.406119733924612, "DEMpct": 0.4704212860310421, "NPApct": 0.10980044345898005}, "Hernando": {"REP": 43152, "DEM": 30910, "NPA": 18972, "OTH": 2378, "TOTAL": 95412, "REPpct": 0.4522701546975223, "DEMpct": 0.32396344275353206, "NPApct": 0.19884291284115205}, "Highlands": {"REP": 23229, "DEM": 14628, "NPA": 7168, "OTH": 1259, "TOTAL": 46284, "REPpct": 0.5018796992481203, "DEMpct": 0.3160487425460202, "NPApct": 0.15486993345432548}, "Hillsborough": {"REP": 214149, "DEM": 243176, "NPA": 137095, "OTH": 12612, "TOTAL": 607032, "REPpct": 0.352780413553157, "DEMpct": 0.40059832101108345, "NPApct": 0.22584476600904071}, "Holmes": {"REP": 5115, "DEM": 2889, "NPA": 537, "OTH": 66, "TOTAL": 8607, "REPpct": 0.5942837225514116, "DEMpct": 0.33565702335308467, "NPApct": 0.062391077030324156}, "Indian River": {"REP": 41575, "DEM": 21693, "NPA": 16039, "OTH": 2290, "TOTAL": 81597, "REPpct": 0.5095162812358297, "DEMpct": 0.2658553623294974, "NPApct": 0.1965635991519296}, "Jackson": {"REP": 8039, "DEM": 11640, "NPA": 1414, "OTH": 147, "TOTAL": 21240, "REPpct": 0.37848399246704334, "DEMpct": 0.5480225988700564, "NPApct": 0.06657250470809793}, "Jefferson": {"REP": 2360, "DEM": 4727, "NPA": 571, "OTH": 83, "TOTAL": 7741, "REPpct": 0.3048701718124273, "DEMpct": 0.6106446195581966, "NPApct": 0.0737630797054644}, "Lafayette": {"REP": 1229, "DEM": 2027, "NPA": 132, "OTH": 41, "TOTAL": 3429, "REPpct": 0.3584135316418781, "DEMpct": 0.5911344415281423, "NPApct": 0.03849518810148731}, "Lake": {"REP": 81765, "DEM": 52924, "NPA": 32631, "OTH": 5635, "TOTAL": 172955, "REPpct": 0.472753028244341, "DEMpct": 0.3059986701743228, "NPApct": 0.18866757248995403}, "Lee": {"REP": 160329, "DEM": 90900, "NPA": 75047, "OTH": 6573, "TOTAL": 332849, "REPpct": 0.4816868910526996, "DEMpct": 0.27309680966444244, "NPApct": 0.22546860588434997}, "Leon": {"REP": 46410, "DEM": 83769, "NPA": 21555, "OTH": 3039, "TOTAL": 154773, "REPpct": 0.29985850245197804, "DEMpct": 0.5412378127968056, "NPApct": 0.13926847705995232}, "Levy": {"REP": 10053, "DEM": 6584, "NPA": 2302, "OTH": 618, "TOTAL": 19557, "REPpct": 0.5140358950759318, "DEMpct": 0.3366569514751751, "NPApct": 0.11770721480799713}, "Liberty": {"REP": 565, "DEM": 2600, "NPA": 167, "OTH": 14, "TOTAL": 3346, "REPpct": 0.16885833831440525, "DEMpct": 0.7770472205618649, "NPApct": 0.049910340705319786}, "Madison": {"REP": 2620, "DEM": 5265, "NPA": 572, "OTH": 129, "TOTAL": 8586, "REPpct": 0.3051479152108083, "DEMpct": 0.6132075471698113, "NPApct": 0.06662007919869554}, "Manatee": {"REP": 85155, "DEM": 55711, "NPA": 36861, "OTH": 4169, "TOTAL": 181896, "REPpct": 0.46815213088797997, "DEMpct": 0.3062794124114879, "NPApct": 0.2026487663280116}, "Marion": {"REP": 85617, "DEM": 57825, "NPA": 29065, "OTH": 4420, "TOTAL": 176927, "REPpct": 0.48391144370277006, "DEMpct": 0.32682970942818224, "NPApct": 0.1642767921233051}, "Martin": {"REP": 47106, "DEM": 21564, "NPA": 15736, "OTH": 3065, "TOTAL": 87471, "REPpct": 0.5385327708611997, "DEMpct": 0.24652742051651405, "NPApct": 0.17989962387534153}, "Miami-Dade": {"REP": 287873, "DEM": 431751, "NPA": 265036, "OTH": 13969, "TOTAL": 998629, "REPpct": 0.28826821572375727, "DEMpct": 0.43234374327202596, "NPApct": 0.2653998632124643}, "Monroe": {"REP": 17841, "DEM": 14839, "NPA": 9457, "OTH": 1095, "TOTAL": 43232, "REPpct": 0.4126804219096965, "DEMpct": 0.34324111769059956, "NPApct": 0.21875}, "Nassau": {"REP": 29481, "DEM": 10097, "NPA": 6696, "OTH": 1020, "TOTAL": 47294, "REPpct": 0.6233560282488265, "DEMpct": 0.21349431217490591, "NPApct": 0.14158244174736753},