{"TOTAL": {"REP": 2533362, "DEM": 2629812, "NPA": 1284522, "OTH": 159308, "TOTAL": 6607004, "REPpct": 0.3834358205322715, "DEMpct": 0.39803396516787337, "NPApct": 0.19441822647602452, "ElectionDay": {"REP": 1170126, "DEM": 1012004, "OTH": 66530, "NPA": 710381, "TOTAL": 2959041}}, "Alachua": {"REP": 21845, "DEM": 42915, "NPA": 13244, "OTH": 1677, "TOTAL": 79681, "REPpct": 0.27415569583715066, "DEMpct": 0.538585108118623, "NPApct": 0.16621277343406834, "ElectionDay": {"REP": 17147, "DEM": 22291, "OTH": 1088, "NPA": 10427, "TOTAL": 50953}}, "Baker": {"REP": 5173, "DEM": 3249, "NPA": 647, "OTH": 101, "TOTAL": 9170, "REPpct": 0.5641221374045802, "DEMpct": 0.3543075245365322, "NPApct": 0.07055616139585605, "ElectionDay": {"REP": 1713, "DEM": 1538, "OTH": 34, "NPA": 319, "TOTAL": 3604}}, "Bay": {"REP": 36328, "DEM": 16848, "NPA": 8559, "OTH": 1140, "TOTAL": 62875, "REPpct": 0.5777813121272366, "DEMpct": 0.26796023856858847, "NPApct": 0.1361272365805169, "ElectionDay": {"REP": 13581, "DEM": 6405, "OTH": 215, "NPA": 5401, "TOTAL": 25602}}, "Bradford": {"REP": 3659, "DEM": 2714, "NPA": 637, "OTH": 100, "TOTAL": 7110, "REPpct": 0.5146272855133615, "DEMpct": 0.3817158931082982, "NPApct": 0.08959212376933896, "ElectionDay": {"REP": 2392, "DEM": 2043, "OTH": 91, "NPA": 576, "TOTAL": 5102}}, "Brevard": {"REP": 96985, "DEM": 69066, "NPA": 37623, "OTH": 6793, "TOTAL": 210467, "REPpct": 0.460808582818209, "DEMpct": 0.32815595794114993, "NPApct": 0.17875961552167324, "ElectionDay": {"REP": 49119, "DEM": 32097, "OTH": 4074, "NPA": 24565, "TOTAL": 109855}}, "Broward": {"REP": 136604, "DEM": 348681, "NPA": 135593, "OTH": 8750, "TOTAL": 629628, "REPpct": 0.2169598556608029, "DEMpct": 0.553788903924222, "NPApct": 0.21535414562249455, "ElectionDay": {"REP": 56308, "DEM": 95687, "OTH": 3632, "NPA": 57436, "TOTAL": 213063}}, "Calhoun": {"REP": 1077, "DEM": 2381, "NPA": 235, "OTH": 27, "TOTAL": 3720, "REPpct": 0.28951612903225804, "DEMpct": 0.6400537634408602, "NPApct": 0.06317204301075269, "ElectionDay": {"REP": 645, "DEM": 1616, "OTH": 10, "NPA": 182, "TOTAL": 2453}}, "Charlotte": {"REP": 36079, "DEM": 21680, "NPA": 13874, "OTH": 2945, "TOTAL": 74578, "REPpct": 0.48377537611628096, "DEMpct": 0.29070235190002414, "NPApct": 0.18603341467993242, "ElectionDay": {"REP": 11029, "DEM": 5648, "OTH": 983, "NPA": 5829, "TOTAL": 23489}}, "Citrus": {"REP": 27829, "DEM": 15643, "NPA": 9116, "OTH": 1682, "TOTAL": 54270, "REPpct": 0.5127879122903999, "DEMpct": 0.2882439653583932, "NPApct": 0.1679749401142436, "ElectionDay": {"REP": 13226, "DEM": 7029, "OTH": 187, "NPA": 6138, "TOTAL": 26580}}, "Clay": {"REP": 45818, "DEM": 15610, "NPA": 11565, "OTH": 1672, "TOTAL": 74665, "REPpct": 0.6136476260630818, "DEMpct": 0.20906716667782763, "NPApct": 0.15489185026451482, "ElectionDay": {"REP": 19305, "DEM": 6422, "OTH": 839, "NPA": 6488, "TOTAL": 33054}}, "Collier": {"REP": 71391, "DEM": 31761, "NPA": 25517, "OTH": 2896, "TOTAL": 131565, "REPpct": 0.5426291186865808, "DEMpct": 0.24140918937407366, "NPApct": 0.1939497586744195, "ElectionDay": {"REP": 21719, "DEM": 9159, "OTH": 227, "NPA": 11553, "TOTAL": 42658}}, "Columbia": {"REP": 9930, "DEM": 7459, "NPA": 2042, "OTH": 451, "TOTAL": 19882, "REPpct": 0.4994467357408711, "DEMpct": 0.37516346444019716, "NPApct": 0.10270596519464843, "ElectionDay": {"REP": 4038, "DEM": 3515, "OTH": 198, "NPA": 1384, "TOTAL": 9135}}, "DeSoto": {"REP": 2406, "DEM": 3300, "NPA": 863, "OTH": 76, "TOTAL": 6645, "REPpct": 0.3620767494356659, "DEMpct": 0.4966139954853273, "NPApct": 0.12987208427389013, "ElectionDay": {"REP": 1458, "DEM": 2004, "OTH": 7, "NPA": 820, "TOTAL": 4289}}, "Dixie": {"REP": 1847, "DEM": 1948, "NPA": 347, "OTH": 109, "TOTAL": 4251, "REPpct": 0.43448600329334275, "DEMpct": 0.4582451187955775, "NPApct": 0.0816278522700541, "ElectionDay": {"REP": 1154, "DEM": 1443, "OTH": 49, "NPA": 367, "TOTAL": 3013}}, "Duval": {"REP": 124232, "DEM": 128511, "NPA": 41764, "OTH": 7722, "TOTAL": 302229, "REPpct": 0.4110525462480437, "DEMpct": 0.425210684613323, "NPApct": 0.13818660684447887, "ElectionDay": {"REP": 56416, "DEM": 51290, "OTH": 3910, "NPA": 24262, "TOTAL": 135878}}, "Escambia": {"REP": 47714, "DEM": 32963, "NPA": 12588, "OTH": 2175, "TOTAL": 95440, "REPpct": 0.4999371332774518, "DEMpct": 0.34537929589270744, "NPApct": 0.13189438390611902, "ElectionDay": {"REP": 28109, "DEM": 20211, "OTH": 356, "NPA": 10807, "TOTAL": 59483}}, "Flagler": {"REP": 19416, "DEM": 14223, "NPA": 8557, "OTH": 920, "TOTAL": 43116, "REPpct": 0.45032006679654885, "DEMpct": 0.32987753966045086, "NPApct": 0.19846460710641062, "ElectionDay": {"REP": 6355, "DEM": 4442, "OTH": 366, "NPA": 4045, "TOTAL": 15208}}, "Franklin": {"REP": 1288, "DEM": 2132, "NPA": 352, "OTH": 69, "TOTAL": 3841, "REPpct": 0.33532934131736525, "DEMpct": 0.5550637854725332, "NPApct": 0.09164280135381411, "ElectionDay": {"REP": 682, "DEM": 1332, "OTH": 19, "NPA": 235, "TOTAL": 2268}}, "Gadsden": {"REP": 2223, "DEM": 10890, "NPA": 705, "OTH": 118, "TOTAL": 13936, "REPpct": 0.15951492537313433, "DEMpct": 0.7814293915040184, "NPApct": 0.050588404133180255, "ElectionDay": {"REP": 1373, "DEM": 6271, "OTH": 91, "NPA": 621, "TOTAL": 8356}}, "Gilchrist": {"REP": 2545, "DEM": 1262, "NPA": 347, "OTH": 103, "TOTAL": 4257, "REPpct": 0.5978388536528071, "DEMpct": 0.2964529011040639, "NPApct": 0.081512802443035, "ElectionDay": {"REP": 2449, "DEM": 1261, "OTH": 90, "NPA": 448, "TOTAL": 4248}}, "Glades": {"REP": 725, "DEM": 779, "NPA": 162, "OTH": 36, "TOTAL": 1702, "REPpct": 0.42596944770857814, "DEMpct": 0.45769682726204464, "NPApct": 0.09518213866039953, "ElectionDay": {"REP": 1017, "DEM": 1300, "OTH": 65, "NPA": 313, "TOTAL": 2695}}, "Gulf": {"REP": 2661, "DEM": 2005, "NPA": 333, "OTH": 69, "TOTAL": 5068, "REPpct": 0.5250591949486977, "DEMpct": 0.39561957379636936, "NPApct": 0.06570639305445936, "ElectionDay": {"REP": 1050, "DEM": 970, "OTH": 41, "NPA": 230, "TOTAL": 2291}}, "Hamilton": {"REP": 1094, "DEM": 1747, "NPA": 191, "OTH": 51, "TOTAL": 3083, "REPpct": 0.354849172883555, "DEMpct": 0.5666558546869932, "NPApct": 0.06195264352903017, "ElectionDay": {"REP": 625, "DEM": 1529, "OTH": 50, "NPA": 229, "TOTAL": 2433}}, "Hardee": {"REP": 2439, "DEM": 1560, "NPA": 374, "OTH": 73, "TOTAL": 4446, "REPpct": 0.548582995951417, "DEMpct": 0.3508771929824561, "NPApct": 0.08412055780476833, "ElectionDay": {"REP": 1353, "DEM": 1392, "OTH": 50, "NPA": 434, "TOTAL": 3229}}, "Hendry": {"REP": 3254, "DEM": 3593, "NPA": 712, "OTH": 100, "TOTAL": 7659, "REPpct": 0.4248596422509466, "DEMpct": 0.46912129520825174, "NPApct": 0.09296252774513644, "ElectionDay": {"REP": 1325, "DEM": 1711, "OTH": 54, "NPA": 526, "TOTAL": 3616}}, "Hernando": {"REP": 27147, "DEM": 20738, "NPA": 10295, "OTH": 2056, "TOTAL": 60236, "REPpct": 0.45067733581247094, "DEMpct": 0.34427916860349295, "NPApct": 0.17091108307324523, "ElectionDay": {"REP": 16005, "DEM": 10172, "OTH": 322, "NPA": 8677, "TOTAL": 35176}}, "Highlands": {"REP": 15296, "DEM": 9749, "NPA": 4237, "OTH": 837, "TOTAL": 30119, "REPpct": 0.5078521863275673, "DEMpct": 0.32368272519007935, "NPApct": 0.1406753212258043, "ElectionDay": {"REP": 7933, "DEM": 4879, "OTH": 422, "NPA": 2931, "TOTAL": 16165}}, "Hillsborough": {"REP": 152298, "DEM": 181600, "NPA": 87972, "OTH": 11270, "TOTAL": 433140, "REPpct": 0.35161379692478184, "DEMpct": 0.41926397931384773, "NPApct": 0.20310292284249895, "ElectionDay": {"REP": 61851, "DEM": 61576, "OTH": 1342, "NPA": 49123, "TOTAL": 173892}}, "Holmes": {"REP": 3084, "DEM": 1578, "NPA": 241, "OTH": 38, "TOTAL": 4941, "REPpct": 0.6241651487553127, "DEMpct": 0.3193685488767456, "NPApct": 0.04877555150779195, "ElectionDay": {"REP": 2031, "DEM": 1311, "OTH": 28, "NPA": 296, "TOTAL": 3666}}, "Indian River": {"REP": 28970, "DEM": 15423, "NPA": 10071, "OTH": 1666, "TOTAL": 56130, "REPpct": 0.5161232852307144, "DEMpct": 0.27477284874398716, "NPApct": 0.17942276857295564, "ElectionDay": {"REP": 12605, "DEM": 6270, "OTH": 624, "NPA": 5968, "TOTAL": 25467}}, "Jackson": {"REP": 5219, "DEM": 7225,