{"TOTAL": {"REP": 2533362, "DEM": 2629812, "NPA": 1284522, "OTH": 159308, "TOTAL": 6607004, "REPpct": 0.3834358205322715, "DEMpct": 0.39803396516787337, "NPApct": 0.19441822647602452}, "Alachua": {"REP": 21845, "DEM": 42915, "NPA": 13244, "OTH": 1677, "TOTAL": 79681, "REPpct": 0.27415569583715066, "DEMpct": 0.538585108118623, "NPApct": 0.16621277343406834}, "Baker": {"REP": 5173, "DEM": 3249, "NPA": 647, "OTH": 101, "TOTAL": 9170, "REPpct": 0.5641221374045802, "DEMpct": 0.3543075245365322, "NPApct": 0.07055616139585605}, "Bay": {"REP": 36328, "DEM": 16848, "NPA": 8559, "OTH": 1140, "TOTAL": 62875, "REPpct": 0.5777813121272366, "DEMpct": 0.26796023856858847, "NPApct": 0.1361272365805169}, "Bradford": {"REP": 3659, "DEM": 2714, "NPA": 637, "OTH": 100, "TOTAL": 7110, "REPpct": 0.5146272855133615, "DEMpct": 0.3817158931082982, "NPApct": 0.08959212376933896}, "Brevard": {"REP": 96985, "DEM": 69066, "NPA": 37623, "OTH": 6793, "TOTAL": 210467, "REPpct": 0.460808582818209, "DEMpct": 0.32815595794114993, "NPApct": 0.17875961552167324}, "Broward": {"REP": 136604, "DEM": 348681, "NPA": 135593, "OTH": 8750, "TOTAL": 629628, "REPpct": 0.2169598556608029, "DEMpct": 0.553788903924222, "NPApct": 0.21535414562249455}, "Calhoun": {"REP": 1077, "DEM": 2381, "NPA": 235, "OTH": 27, "TOTAL": 3720, "REPpct": 0.28951612903225804, "DEMpct": 0.6400537634408602, "NPApct": 0.06317204301075269}, "Charlotte": {"REP": 36079, "DEM": 21680, "NPA": 13874, "OTH": 2945, "TOTAL": 74578, "REPpct": 0.48377537611628096, "DEMpct": 0.29070235190002414, "NPApct": 0.18603341467993242}, "Citrus": {"REP": 27829, "DEM": 15643, "NPA": 9116, "OTH": 1682, "TOTAL": 54270, "REPpct": 0.5127879122903999, "DEMpct": 0.2882439653583932, "NPApct": 0.1679749401142436}, "Clay": {"REP": 45818, "DEM": 15610, "NPA": 11565, "OTH": 1672, "TOTAL": 74665, "REPpct": 0.6136476260630818, "DEMpct": 0.20906716667782763, "NPApct": 0.15489185026451482}, "Collier": {"REP": 71391, "DEM": 31761, "NPA": 25517, "OTH": 2896, "TOTAL": 131565, "REPpct": 0.5426291186865808, "DEMpct": 0.24140918937407366, "NPApct": 0.1939497586744195}, "Columbia": {"REP": 9930, "DEM": 7459, "NPA": 2042, "OTH": 451, "TOTAL": 19882, "REPpct": 0.4994467357408711, "DEMpct": 0.37516346444019716, "NPApct": 0.10270596519464843}, "DeSoto": {"REP": 2406, "DEM": 3300, "NPA": 863, "OTH": 76, "TOTAL": 6645, "REPpct": 0.3620767494356659, "DEMpct": 0.4966139954853273, "NPApct": 0.12987208427389013}, "Dixie": {"REP": 1847, "DEM": 1948, "NPA": 347, "OTH": 109, "TOTAL": 4251, "REPpct": 0.43448600329334275, "DEMpct": 0.4582451187955775, "NPApct": 0.0816278522700541}, "Duval": {"REP": 124232, "DEM": 128511, "NPA": 41764, "OTH": 7722, "TOTAL": 302229, "REPpct": 0.4110525462480437, "DEMpct": 0.425210684613323, "NPApct": 0.13818660684447887}, "Escambia": {"REP": 47714, "DEM": 32963, "NPA": 12588, "OTH": 2175, "TOTAL": 95440, "REPpct": 0.4999371332774518, "DEMpct": 0.34537929589270744, "NPApct": 0.13189438390611902}, "Flagler": {"REP": 19416, "DEM": 14223, "NPA": 8557, "OTH": 920, "TOTAL": 43116, "REPpct": 0.45032006679654885, "DEMpct": 0.32987753966045086, "NPApct": 0.19846460710641062}, "Franklin": {"REP": 1288, "DEM": 2132, "NPA": 352, "OTH": 69, "TOTAL": 3841, "REPpct": 0.33532934131736525, "DEMpct": 0.5550637854725332, "NPApct": 0.09164280135381411}, "Gadsden": {"REP": 2223, "DEM": 10890, "NPA": 705, "OTH": 118, "TOTAL": 13936, "REPpct": 0.15951492537313433, "DEMpct": 0.7814293915040184, "NPApct": 0.050588404133180255}, "Gilchrist": {"REP": 2545, "DEM": 1262, "NPA": 347, "OTH": 103, "TOTAL": 4257, "REPpct": 0.5978388536528071, "DEMpct": 0.2964529011040639, "NPApct": 0.081512802443035}, "Glades": {"REP": 725, "DEM": 779, "NPA": 162, "OTH": 36, "TOTAL": 1702, "REPpct": 0.42596944770857814, "DEMpct": 0.45769682726204464, "NPApct": 0.09518213866039953}, "Gulf": {"REP": 2661, "DEM": 2005, "NPA": 333, "OTH": 69, "TOTAL": 5068, "REPpct": 0.5250591949486977, "DEMpct": 0.39561957379636936, "NPApct": 0.06570639305445936}, "Hamilton": {"REP": 1094, "DEM": 1747, "NPA": 191, "OTH": 51, "TOTAL": 3083, "REPpct": 0.354849172883555, "DEMpct": 0.5666558546869932, "NPApct": 0.06195264352903017}, "Hardee": {"REP": 2439, "DEM": 1560, "NPA": 374, "OTH": 73, "TOTAL": 4446, "REPpct": 0.548582995951417, "DEMpct": 0.3508771929824561, "NPApct": 0.08412055780476833}, "Hendry": {"REP": 3254, "DEM": 3593, "NPA": 712, "OTH": 100, "TOTAL": 7659, "REPpct": 0.4248596422509466, "DEMpct": 0.46912129520825174, "NPApct": 0.09296252774513644}, "Hernando": {"REP": 27147, "DEM": 20738, "NPA": 10295, "OTH": 2056, "TOTAL": 60236, "REPpct": 0.45067733581247094, "DEMpct": 0.34427916860349295, "NPApct": 0.17091108307324523}, "Highlands": {"REP": 15296, "DEM": 9749, "NPA": 4237, "OTH": 837, "TOTAL": 30119, "REPpct": 0.5078521863275673, "DEMpct": 0.32368272519007935, "NPApct": 0.1406753212258043}, "Hillsborough": {"REP": 152298, "DEM": 181600, "NPA": 87972, "OTH": 11270, "TOTAL": 433140, "REPpct": 0.35161379692478184, "DEMpct": 0.41926397931384773, "NPApct": 0.20310292284249895}, "Holmes": {"REP": 3084, "DEM": 1578, "NPA": 241, "OTH": 38, "TOTAL": 4941, "REPpct": 0.6241651487553127, "DEMpct": 0.3193685488767456, "NPApct": 0.04877555150779195}, "Indian River": {"REP": 28970, "DEM": 15423, "NPA": 10071, "OTH": 1666, "TOTAL": 56130, "REPpct": 0.5161232852307144, "DEMpct": 0.27477284874398716, "NPApct": 0.17942276857295564}, "Jackson": {"REP": 5219, "DEM": 7225, "NPA": 706, "OTH": 126, "TOTAL": 13276, "REPpct": 0.3931153962036758, "DEMpct": 0.5442151250376619, "NPApct": 0.053178668273576375}, "Jefferson": {"REP": 1343, "DEM": 2503, "NPA": 278, "OTH": 69, "TOTAL": 4193, "REPpct": 0.3202957309802051, "DEMpct": 0.5969472931075602, "NPApct": 0.06630097782017648}, "Lafayette": {"REP": 671, "DEM": 1024, "NPA": 55, "OTH": 17, "TOTAL": 1767, "REPpct": 0.37973967176004525, "DEMpct": 0.579513299377476, "NPApct": 0.0311262026032824}, "Lake": {"REP": 50502, "DEM": 34982, "NPA": 18711, "OTH": 3327, "TOTAL": 107522, "REPpct": 0.4696899239225461, "DEMpct": 0.32534737077063297, "NPApct": 0.17402020051710348}, "Lee": {"REP": 127250, "DEM": 71678, "NPA": 53079, "OTH": 6016, "TOTAL": 258023, "REPpct": 0.4931730892207284, "DEMpct": 0.2777969405828163, "NPApct": 0.20571421927502587}, "Leon": {"REP": 28800, "DEM": 56130, "NPA": 12366, "OTH": 1847, "TOTAL": 99143, "REPpct": 0.2904894949719093, "DEMpct": 0.5661519219712939, "NPApct": 0.12472892690356353}, "Levy": {"REP": 5505, "DEM": 3402, "NPA": 941, "OTH": 432, "TOTAL": 10280, "REPpct": 0.5355058365758755, "DEMpct": 0.3309338521400778, "NPApct": 0.09153696498054474}, "Liberty": {"REP": 336, "DEM": 1429, "NPA": 77, "OTH": 9, "TOTAL": 1851, "REPpct": 0.18152350081037277, "DEMpct": 0.7720151269584009, "NPApct": 0.041599135602377095}, "Madison": {"REP": 1879, "DEM": 3469, "NPA": 355, "OTH": 81, "TOTAL": 5784, "REPpct": 0.32486168741355465, "DEMpct": 0.5997579529737206, "NPApct": 0.061376210235131394}, "Manatee": {"REP": 55061, "DEM": 37245, "NPA": 22316, "OTH": 2674, "TOTAL": 117296, "REPpct": 0.4694192470331469, "DEMpct": 0.3175300095484927, "NPApct": 0.19025371709180194}, "Marion": {"REP": 50036, "DEM": 35792, "NPA": 14614, "OTH": 3721, "TOTAL": 104163, "REPpct": 0.48036250876030834, "DEMpct": 0.34361529525839307, "NPApct": 0.1402993385367165}, "Martin": {"REP": 34909, "DEM": 16398, "NPA": 10131, "OTH": 2867, "TOTAL": 64305, "REPpct": 0.5428660290801648, "DEMpct": 0.25500349895031493, "NPApct": 0.1575460695124796}, "Miami-Dade": {"REP": 228354, "DEM": 343121, "NPA": 198947, "OTH": 10553, "TOTAL": 780975, "REPpct": 0.29239604340727937, "DEMpct": 0.4393495310349243, "NPApct": 0.25474182912385157}, "Monroe": {"REP": 11719, "DEM": 10027, "NPA": 5286, "OTH": 653, "TOTAL": 27685, "REPpct": 0.42329781470110167, "DEMpct": 0.36218168683402563, "NPApct": 0.19093371862019143}, "Nassau": {"REP": 21349, "DEM": 7413, "NPA": 4049, "OTH": 905, "TOTAL": 33716, "REPpct": 0.6332008541938545, "DEMpct": 0.21986593902004983, "NPApct": 0.12009135128722269}, "Okaloosa": {"REP": 43351, "DEM": 13276, "NPA": 10316,