{
  "TOTAL": {
    "REP": 556361,
    "DEM": 1519441,
    "NPA": 274287,
    "TOTAL": 2350089,
    "REPpct": 0.23674039578926584,
    "NPApct": 0.11671345212883427,
    "DEMpct": 0.6465461520818999
  },
  "Union": {
    "REP": 1761,
    "DEM": 2720,
    "NPA": 678,
    "TOTAL": 5159,
    "REPpct": 0.3413452219422369,
    "NPApct": 0.13142081798798216,
    "DEMpct": 0.527233960069781
  },
  "Cameron": {
    "REP": 291,
    "DEM": 262,
    "NPA": 53,
    "TOTAL": 606,
    "REPpct": 0.4801980198019802,
    "NPApct": 0.08745874587458746,
    "DEMpct": 0.43234323432343236
  },
  "Fayette": {
    "REP": 3598,
    "DEM": 10335,
    "NPA": 1014,
    "TOTAL": 14947,
    "REPpct": 0.24071720077607547,
    "NPApct": 0.06783970027430254,
    "DEMpct": 0.691443098949622
  },
  "Warren": {
    "REP": 1800,
    "DEM": 2417,
    "NPA": 562,
    "TOTAL": 4779,
    "REPpct": 0.3766478342749529,
    "NPApct": 0.11759782381251307,
    "DEMpct": 0.505754341912534
  },
  "Sullivan": {
    "REP": 285,
    "DEM": 310,
    "NPA": 53,
    "TOTAL": 648,
    "REPpct": 0.4398148148148148,
    "NPApct": 0.08179012345679013,
    "DEMpct": 0.4783950617283951
  },
  "Lackawanna": {
    "REP": 6641,
    "DEM": 28122,
    "NPA": 2865,
    "TOTAL": 37628,
    "REPpct": 0.17649091102370576,
    "NPApct": 0.07614010842989263,
    "DEMpct": 0.7473689805464017
  },
  "Cumberland": {
    "REP": 15269,
    "DEM": 24235,
    "NPA": 6195,
    "TOTAL": 45699,
    "REPpct": 0.334121096741723,
    "NPApct": 0.13556095319372416,
    "DEMpct": 0.5303179500645528
  },
  "Monroe": {
    "REP": 6130,
    "DEM": 18643,
    "NPA": 4623,
    "TOTAL": 29396,
    "REPpct": 0.20853177303034426,
    "NPApct": 0.1572662947339774,
    "DEMpct": 0.6342019322356783
  },
  "Perry": {
    "REP": 2313,
    "DEM": 2098,
    "NPA": 496,
    "TOTAL": 4907,
    "REPpct": 0.47136743427756267,
    "NPApct": 0.10108008966782148,
    "DEMpct": 0.4275524760546159
  },
  "Butler": {
    "REP": 10856,
    "DEM": 14681,
    "NPA": 3409,
    "TOTAL": 28946,
    "REPpct": 0.3750431838596006,
    "NPApct": 0.11777102190285359,
    "DEMpct": 0.5071857942375457
  },
  "Lehigh": {
    "REP": 15962,
    "DEM": 42709,
    "NPA": 9511,
    "TOTAL": 68182,
    "REPpct": 0.23410870904344255,
    "NPApct": 0.13949429468188085,
    "DEMpct": 0.6263969962746766
  },
  "Potter": {
    "REP": 704,
    "DEM": 545,
    "NPA": 129,
    "TOTAL": 1378,
    "REPpct": 0.5108853410740203,
    "NPApct": 0.09361393323657474,
    "DEMpct": 0.3955007256894049
  },
  "Chester": {
    "REP": 35986,
    "DEM": 75691,
    "NPA": 22095,
    "TOTAL": 133772,
    "REPpct": 0.26900995724067817,
    "NPApct": 0.16516909368178692,
    "DEMpct": 0.5658209490775349
  },
  "Armstrong": {
    "REP": 2341,
    "DEM": 3358,
    "NPA": 498,
    "TOTAL": 6197,
    "REPpct": 0.3777634339196385,
    "NPApct": 0.08036146522510892,
    "DEMpct": 0.5418751008552526
  },
  "Snyder": {
    "REP": 1770,
    "DEM": 1690,
    "NPA": 412,
    "TOTAL": 3872,
    "REPpct": 0.45712809917355374,
    "NPApct": 0.10640495867768596,
    "DEMpct": 0.4364669421487603
  },
  "Montgomery": {
    "REP": 45098,
    "DEM": 137951,
    "NPA": 27927,
    "TOTAL": 210976,
    "REPpct": 0.21375891096617625,
    "NPApct": 0.13237050659790686,
    "DEMpct": 0.6538705824359169
  },
  "Washington": {
    "REP": 8708,
    "DEM": 20216,
    "NPA": 3075,
    "TOTAL": 31999,
    "REPpct": 0.2721335041720054,
    "NPApct": 0.09609675302353199,
    "DEMpct": 0.6317697428044626
  },
  "Susquehanna": {
    "REP": 2205,
    "DEM": 2368,
    "NPA": 508,
    "TOTAL": 5081,
    "REPpct": 0.43396969100570754,
    "NPApct": 0.09998031883487503,
    "DEMpct": 0.46604999015941745
  },
  "Blair": {
    "REP": 6524,
    "DEM": 7189,
    "NPA": 1515,
    "TOTAL": 15228,
    "REPpct": 0.428421329130549,
    "NPApct": 0.09948778565799843,
    "DEMpct": 0.4720908852114526
  },
  "Mercer": {
    "REP": 4266,
    "DEM": 8067,
    "NPA": 1262,
    "TOTAL": 13595,
    "REPpct": 0.31379183523354176,
    "NPApct": 0.0928282456785583,
    "DEMpct": 0.5933799190879
  },
  "York": {
    "REP": 25566,
    "DEM": 37174,
    "NPA": 8940,
    "TOTAL": 71680,
    "REPpct": 0.3566685267857143,
    "NPApct": 0.12472098214285714,
    "DEMpct": 0.5186104910714285
  },
  "Schuylkill": {
    "REP": 5388,
    "DEM": 7598,
    "NPA": 1357,
    "TOTAL": 14343,
    "REPpct": 0.37565362894791887,
    "NPApct": 0.09461061144809314,
    "DEMpct": 0.529735759603988
  },
  "Lancaster": {
    "REP": 28630,
    "DEM": 42408,
    "NPA": 11249,
    "TOTAL": 82287,
    "REPpct": 0.34792859139353727,
    "NPApct": 0.13670446121501573,
    "DEMpct": 0.5153669473914471
  },
  "Columbia": {
    "REP": 2371,
    "DEM": 4028,
    "NPA": 922,
    "TOTAL": 7321,
    "REPpct": 0.3238628602649911,
    "NPApct": 0.12593907936074306,
    "DEMpct": 0.5501980603742658
  },
  "Lebanon": {
    "REP": 7892,
    "DEM": 9580,
    "NPA": 2438,
    "TOTAL": 19910,
    "REPpct": 0.3963837267704671,
    "NPApct": 0.12245102963335007,
    "DEMpct": 0.48116524359618285
  },
  "Pike": {
    "REP": 3523,
    "DEM": 5912,
    "NPA": 2095,
    "TOTAL": 11530,
    "REPpct": 0.3055507372072853,
    "NPApct": 0.18169991326973114,
    "DEMpct": 0.5127493495229836
  },
  "McKean": {
    "REP": 1500,
    "DEM": 1611,
    "NPA": 363,
    "TOTAL": 3474,
    "REPpct": 0.4317789291882556,
    "NPApct": 0.10449050086355786,
    "DEMpct": 0.4637305699481865
  },
  "Wayne": {
    "REP": 2876,
    "DEM": 3651,
    "NPA": 1044,
    "TOTAL": 7571,
    "REPpct": 0.37987055871087044,
    "NPApct": 0.13789459780742305,
    "DEMpct": 0.48223484348170653
  },
  "Delaware": {
    "REP": 27288,
    "DEM": 74072,
    "NPA": 13705,
    "TOTAL": 115065,
    "REPpct": 0.23715291357059054,
    "NPApct": 0.11910659192630252,
    "DEMpct": 0.6437404945031069
  },
  "Cambria": {
    "REP": 4391,
    "DEM": 10036,
    "NPA": 1182,
    "TOTAL": 15609,
    "REPpct": 0.28131206355307836,
    "NPApct": 0.07572554295598694,
    "DEMpct": 0.6429623934909348
  },
  "Luzerne": {
    "REP": 13258,
    "DEM": 33339,
    "NPA": 4209,
    "TOTAL": 50806,
    "REPpct": 0.26095343069716176,
    "NPApct": 0.08284454591977325,
    "DEMpct": 0.656202023383065
  },
  "Bedford": {
    "REP": 2666,
    "DEM": 1945,
    "NPA": 431,
    "TOTAL": 5042,
    "REPpct": 0.528758429194764,
    "NPApct": 0.08548195160650536,
    "DEMpct": 0.38575961919873064
  },
  "Centre": {
    "REP": 6991,
    "DEM": 16703,
    "NPA": 3872,
    "TOTAL": 27566,
    "REPpct": 0.25360951897264744,
    "NPApct": 0.14046288906624102,
    "DEMpct": 0.6059275919611116
  },
  "Beaver": {
    "REP": 6110,
    "DEM": 17147,
    "NPA": 2474,
    "TOTAL": 25731,
    "REPpct": 0.23745676421437176,
    "NPApct": 0.09614861451167853,
    "DEMpct": 0.6663946212739497
  },
  "Northumberland": {
    "REP": 2937,
    "DEM": 4361,
    "NPA": 903,
    "TOTAL": 8201,
    "REPpct": 0.3581270576758932,
    "NPApct": 0.11010852335081088,
    "DEMpct": 0.531764418973296
  },
  "Elk": {
    "REP": 1231,
    "DEM": 1949,
    "NPA": 253,
    "TOTAL": 3433,
    "REPpct": 0.35857850276725894,
    "NPApct": 0.0736964753859598,
    "DEMpct": 0.5677250218467812
  },
  "Huntingdon": {
    "REP": 1636,
    "DEM": 1943,
    "NPA": 342,
    "TOTAL": 3921,
    "REPpct": 0.4172404998724815,
    "NPApct": 0.08722264728385616,
    "DEMpct": 0.49553685284366233
  },
  "Wyoming": {
    "REP": 1503,
    "DEM": 1701,
    "NPA": 321,
    "TOTAL": 3525,
    "REPpct": 0.42638297872340425,
    "NPApct": 0.09106382978723404,
    "DEMpct": 0.4825531914893617
  },
  "Greene": {
    "REP": 1015,
    "DEM": 2569,
    "NPA": 210,
    "TOTAL": 3794,
    "REPpct": 0.26752767527675275,
    "NPApct": 0.055350553505535055,
    "DEMpct": 0.6771217712177122
  },
  "Dauphin": {
    "REP": 12104,
    "DEM": 30545,
    "NPA": 5868,
    "TOTAL": 48517,
    "REPpct": 0.24947956386421255,
    "NPApct": 0.12094729682379372,
    "DEMpct": 0.6295731393119938
  },
  "Crawford": {
    "REP": 3596,
    "DEM": 5044,
    "NPA": 822,