{
  "TOTAL": {
    "REP": 557205,
    "DEM": 1521264,
    "NPA": 274772,
    "TOTAL": 2353241,
    "REPpct": 0.23678195305963137,
    "NPApct": 0.11676322144650718,
    "DEMpct": 0.6464548254938615
  },
  "Berks": {
    "REP": 16175,
    "DEM": 37468,
    "NPA": 7218,
    "TOTAL": 60861,
    "REPpct": 0.26576954042818884,
    "NPApct": 0.11859811702075221,
    "DEMpct": 0.6156323425510589
  },
  "Indiana": {
    "REP": 3076,
    "DEM": 5059,
    "NPA": 922,
    "TOTAL": 9057,
    "REPpct": 0.33962680799381695,
    "NPApct": 0.10179971292922602,
    "DEMpct": 0.5585734790769571
  },
  "Carbon": {
    "REP": 2397,
    "DEM": 4765,
    "NPA": 889,
    "TOTAL": 8051,
    "REPpct": 0.2977269904359707,
    "NPApct": 0.11042106570612346,
    "DEMpct": 0.5918519438579058
  },
  "Erie": {
    "REP": 10668,
    "DEM": 30235,
    "NPA": 4156,
    "TOTAL": 45059,
    "REPpct": 0.2367562529128476,
    "NPApct": 0.09223462571295413,
    "DEMpct": 0.6710091213741983
  },
  "Westmoreland": {
    "REP": 14820,
    "DEM": 33423,
    "NPA": 4879,
    "TOTAL": 53122,
    "REPpct": 0.2789804600730394,
    "NPApct": 0.09184518655171116,
    "DEMpct": 0.6291743533752494
  },
  "Montour": {
    "REP": 909,
    "DEM": 1282,
    "NPA": 342,
    "TOTAL": 2533,
    "REPpct": 0.35886300829056456,
    "NPApct": 0.13501776549545993,
    "DEMpct": 0.5061192262139755
  },
  "Adams": {
    "REP": 6673,
    "DEM": 7797,
    "NPA": 2186,
    "TOTAL": 16656,
    "REPpct": 0.4006364073006724,
    "NPApct": 0.13124399615754082,
    "DEMpct": 0.46811959654178675
  },
  "Juniata": {
    "REP": 982,
    "DEM": 820,
    "NPA": 201,
    "TOTAL": 2003,
    "REPpct": 0.49026460309535697,
    "NPApct": 0.10034947578632052,
    "DEMpct": 0.4093859211183225
  },
  "Lawrence": {
    "REP": 3027,
    "DEM": 6745,
    "NPA": 878,
    "TOTAL": 10650,
    "REPpct": 0.2842253521126761,
    "NPApct": 0.0824413145539906,
    "DEMpct": 0.6333333333333333
  },
  "Tioga": {
    "REP": 2005,
    "DEM": 1593,
    "NPA": 395,
    "TOTAL": 3993,
    "REPpct": 0.5021287252692211,
    "NPApct": 0.09892311545204108,
    "DEMpct": 0.3989481592787378
  },
  "Clarion": {
    "REP": 1482,
    "DEM": 1692,
    "NPA": 290,
    "TOTAL": 3464,
    "REPpct": 0.42782909930715934,
    "NPApct": 0.08371824480369515,
    "DEMpct": 0.4884526558891455
  },
  "Forest": {
    "REP": 238,
    "DEM": 302,
    "NPA": 48,
    "TOTAL": 588,
    "REPpct": 0.40476190476190477,
    "NPApct": 0.08163265306122448,
    "DEMpct": 0.5136054421768708
  },
  "Huntingdon": {
    "REP": 1639,
    "DEM": 1945,
    "NPA": 343,
    "TOTAL": 3927,
    "REPpct": 0.4173669467787115,
    "NPApct": 0.0873440285204991,
    "DEMpct": 0.4952890247007894
  },
  "Wyoming": {
    "REP": 1503,
    "DEM": 1705,
    "NPA": 321,
    "TOTAL": 3529,
    "REPpct": 0.425899688296968,
    "NPApct": 0.09096061207140833,
    "DEMpct": 0.4831396996316237
  },
  "Greene": {
    "REP": 1016,
    "DEM": 2575,
    "NPA": 210,
    "TOTAL": 3801,
    "REPpct": 0.26729807945277556,
    "NPApct": 0.055248618784530384,
    "DEMpct": 0.677453301762694
  },
  "Dauphin": {
    "REP": 12112,
    "DEM": 30576,
    "NPA": 5882,
    "TOTAL": 48570,
    "REPpct": 0.24937204035412805,
    "NPApct": 0.12110356186946675,
    "DEMpct": 0.6295243977764052
  },
  "Crawford": {
    "REP": 3597,
    "DEM": 5049,
    "NPA": 825,
    "TOTAL": 9471,
    "REPpct": 0.3797909407665505,
    "NPApct": 0.08710801393728224,
    "DEMpct": 0.5331010452961672
  },
  "Franklin": {
    "REP": 7499,
    "DEM": 8623,
    "NPA": 2308,
    "TOTAL": 18430,
    "REPpct": 0.4068909386869235,
    "NPApct": 0.1252306022788931,
    "DEMpct": 0.4678784590341834
  },
  "Bradford": {
    "REP": 2613,
    "DEM": 2602,
    "NPA": 589,
    "TOTAL": 5804,
    "REPpct": 0.4502067539627843,
    "NPApct": 0.10148173673328739,
    "DEMpct": 0.4483115093039283
  },
  "Jefferson": {
    "REP": 1677,
    "DEM": 1703,
    "NPA": 344,
    "TOTAL": 3724,
    "REPpct": 0.4503222341568206,
    "NPApct": 0.09237379162191192,
    "DEMpct": 0.45730397422126745
  },
  "Venango": {
    "REP": 2231,
    "DEM": 2874,
    "NPA": 536,
    "TOTAL": 5641,
    "REPpct": 0.3954972522602375,
    "NPApct": 0.09501861372097146,
    "DEMpct": 0.509484134018791
  },
  "Lycoming": {
    "REP": 4322,
    "DEM": 5813,
    "NPA": 1237,
    "TOTAL": 11372,
    "REPpct": 0.3800562785789659,
    "NPApct": 0.10877594090749208,
    "DEMpct": 0.5111677805135421
  },
  "Fulton": {
    "REP": 625,
    "DEM": 390,
    "NPA": 101,
    "TOTAL": 1116,
    "REPpct": 0.5600358422939068,
    "NPApct": 0.09050179211469533,
    "DEMpct": 0.34946236559139787
  },
  "Allegheny": {
    "REP": 56877,
    "DEM": 230945,
    "NPA": 33917,
    "TOTAL": 321739,
    "REPpct": 0.1767799365324067,
    "NPApct": 0.10541774543962652,
    "DEMpct": 0.7178023180279668
  },
  "Clearfield": {
    "REP": 2731,
    "DEM": 4018,
    "NPA": 643,
    "TOTAL": 7392,
    "REPpct": 0.36945346320346323,
    "NPApct": 0.08698593073593074,
    "DEMpct": 0.5435606060606061
  },
  "Somerset": {
    "REP": 3124,
    "DEM": 3427,
    "NPA": 597,
    "TOTAL": 7148,
    "REPpct": 0.4370453273642977,
    "NPApct": 0.08351986569669838,
    "DEMpct": 0.4794348069390039
  },
  "Bucks": {
    "REP": 39182,
    "DEM": 86795,
    "NPA": 21111,
    "TOTAL": 147088,
    "REPpct": 0.2663847492657457,
    "NPApct": 0.14352632437724355,
    "DEMpct": 0.5900889263570108
  },
  "Northampton": {
    "REP": 15578,
    "DEM": 39783,
    "NPA": 9725,
    "TOTAL": 65086,
    "REPpct": 0.23934486679162953,
    "NPApct": 0.14941769351319792,
    "DEMpct": 0.6112374396951725
  },
  "Mifflin": {
    "REP": 1983,
    "DEM": 1846,
    "NPA": 406,
    "TOTAL": 4235,
    "REPpct": 0.4682408500590319,
    "NPApct": 0.09586776859504133,
    "DEMpct": 0.4358913813459268
  },
  "Philadelphia": {
    "REP": 19528,
    "DEM": 281305,
    "NPA": 30417,
    "TOTAL": 331250,
    "REPpct": 0.05895245283018868,
    "NPApct": 0.09182490566037736,
    "DEMpct": 0.8492226415094339
  },
  "Clinton": {
    "REP": 1308,
    "DEM": 2134,
    "NPA": 323,
    "TOTAL": 3765,
    "REPpct": 0.34741035856573704,
    "NPApct": 0.08579017264276229,
    "DEMpct": 0.5667994687915007
  },
  "Mercer": {
    "REP": 4275,
    "DEM": 8080,
    "NPA": 1263,
    "TOTAL": 13618,
    "REPpct": 0.3139227493023939,
    "NPApct": 0.0927448964605669,
    "DEMpct": 0.5933323542370392
  },
  "York": {
    "REP": 25571,
    "DEM": 37186,
    "NPA": 8941,
    "TOTAL": 71698,
    "REPpct": 0.35664872102429634,
    "NPApct": 0.12470361795308098,
    "DEMpct": 0.5186476610226227
  },
  "Schuylkill": {
    "REP": 5397,
    "DEM": 7611,
    "NPA": 1360,
    "TOTAL": 14368,
    "REPpct": 0.3756263919821826,
    "NPApct": 0.09465478841870824,
    "DEMpct": 0.5297188195991092
  },
  "Lancaster": {
    "REP": 28673,
    "DEM": 42474,
    "NPA": 11265,
    "TOTAL": 82412,
    "REPpct": 0.34792263262631656,
    "NPApct": 0.13669125855457942,
    "DEMpct": 0.515386108819104
  },
  "Columbia": {
    "REP": 2372,
    "DEM": 4033,
    "NPA": 925,
    "TOTAL": 7330,
    "REPpct": 0.3236016371077763,
    "NPApct": 0.126193724420191,
    "DEMpct": 0.5502046384720327
  },
  "Lebanon": {
    "REP": 7898,
    "DEM": 9594,
    "NPA": 2447,
    "TOTAL": 19939,
    "REPpct": 0.39610812979587745,
    "NPApct": 0.1227243091428858,
    "DEMpct": 0.48116756106123676
  },
  "Pike": {
    "REP": 3529,
    "DEM": 5929,
    "NPA": 2100,
    "TOTAL": 11558,
    "REPpct": 0.30532964180654093,
    "NPApct": 0.18169233431389514,
    "DEMpct": 0.5129780238795639
  },
  "McKean": {
    "REP": 1502,
    "DEM": 1614,
    "NPA": 363,
    "TOTAL": 3479,
    "REPpct": 0.43173325668295487,
    "NPApct": 0.10434032768036793,
    "DEMpct": 0.4639264156366772
  },
  "Wayne": {
    "REP": 2884,
    "DEM": 3657,
    "NPA": 1044,
    "TOTAL": 7585,
    "REPpct": 0.38022412656558996,
    "NPApct": 0.13764007910349374,
    "DEMpct": 0.4821357943309163
  },
  "Delaware": {
    "REP": 27344,
    "DEM": 74164,
    "NPA": 13723,